rank,feature,split,gain,gain_pct,cumulative_pct
1,V258,239,357977.36,6.41,6.41
2,C14,2978,185182.42,3.31,9.72
3,card1,14427,179868.82,3.22,12.94
4,C13,5919,169415.11,3.03,15.98
5,V201,171,163267.33,2.92,18.9
6,C1,4039,161072.26,2.88,21.78
7,card2,11350,153679.02,2.75,24.53
8,TransactionDT,13701,152634.84,2.73,27.26
9,TransactionAmt,10855,136574.6,2.44,29.71
10,V257,156,116842.62,2.09,31.8
11,addr1,9581,111767.58,2.0,33.8
12,C11,2954,102829.67,1.84,35.64
13,C8,1452,98849.64,1.77,37.41
14,D2,4241,85597.14,1.53,38.94
15,D15,5753,81541.72,1.46,40.4
16,V317,1163,73158.9,1.31,41.71
17,D1,4799,69682.26,1.25,42.96
18,P_emaildomain,5176,68105.36,1.22,44.18
19,V246,137,66838.13,1.2,45.38
20,card6,1441,62480.77,1.12,46.49
21,C4,668,61335.23,1.1,47.59
22,D10,4534,56988.89,1.02,48.61
23,V294,874,56884.61,1.02,49.63
24,dist1,4453,55749.85,1.0,50.63
25,D4,4327,55210.9,0.99,51.62
26,R_emaildomain,2507,54792.9,0.98,52.6
27,card5,4593,53860.04,0.96,53.56
28,C12,1259,53567.25,0.96,54.52
29,C6,2970,53382.37,0.96,55.48
30,C2,3389,50936.68,0.91,56.39
31,V70,373,46153.62,0.83,57.21
32,card3,1652,41527.98,0.74,57.96
33,V283,1086,40081.65,0.72,58.68
34,V45,927,38152.11,0.68,59.36
35,D8,3634,37939.32,0.68,60.04
36,C9,2357,37084.85,0.66,60.7
37,V242,101,34669.13,0.62,61.32
38,id_31,3733,34268.8,0.61,61.94
39,V308,1055,31473.04,0.56,62.5
40,D3,1963,31343.05,0.56,63.06
41,D11,2927,31133.92,0.56,63.62
42,V295,273,30894.26,0.55,64.17
43,V313,2386,30855.87,0.55,64.72
44,V318,765,30734.81,0.55,65.27
45,C5,1665,30632.67,0.55,65.82
46,C7,482,30495.05,0.55,66.37
47,V91,386,29677.19,0.53,66.9
48,ProductCD,826,29507.1,0.53,67.43
49,V53,1187,28291.48,0.51,67.93
50,V312,1194,27899.22,0.5,68.43
51,V315,1856,27881.25,0.5,68.93
52,DeviceInfo,3148,27835.4,0.5,69.43
53,id_17,599,27502.39,0.49,69.92
54,V310,2202,27409.77,0.49,70.41
55,M4,1516,26715.5,0.48,70.89
56,id_02,3156,24087.41,0.43,71.32
57,V62,1020,23840.91,0.43,71.75
58,V281,799,23637.65,0.42,72.17
59,M5,1546,22654.43,0.41,72.58
60,V314,1747,22400.99,0.4,72.98
61,V307,2000,22186.46,0.4,73.38
62,V87,946,22125.33,0.4,73.77
63,V54,936,21903.24,0.39,74.16
64,id_19,3365,21512.46,0.39,74.55
65,V83,1058,21376.98,0.38,74.93
66,V189,150,20988.54,0.38,75.31
67,M6,1358,20649.8,0.37,75.68
68,card4,1708,19600.78,0.35,76.03
69,V187,494,19389.74,0.35,76.37
70,V149,302,18995.26,0.34,76.71
71,V90,346,18080.92,0.32,77.04
72,id_30,1727,17904.12,0.32,77.36
73,id_05,2317,17874.41,0.32,77.68
74,D5,2007,16630.28,0.3,77.98
75,id_01,1705,16602.47,0.3,78.27
76,V320,941,16404.98,0.29,78.57
77,V285,1085,15566.94,0.28,78.85
78,V82,1022,15136.24,0.27,79.12
79,V48,336,14766.35,0.26,79.38
80,id_33,1559,14354.24,0.26,79.64
81,V130,1378,14122.38,0.25,79.89
82,V29,365,13837.66,0.25,80.14
83,V76,1006,13525.84,0.24,80.38
84,id_06,1958,13047.77,0.23,80.61
85,V131,1049,12594.98,0.23,80.84
86,D14,1882,12501.99,0.22,81.06
87,V69,347,12143.57,0.22,81.28
88,V243,197,12142.5,0.22,81.5
89,V20,808,12101.63,0.22,81.71
90,V61,909,12080.76,0.22,81.93
91,V44,573,12063.3,0.22,82.15
92,dist2,2131,11740.59,0.21,82.36
93,V156,185,11606.49,0.21,82.56
94,V38,812,11334.45,0.2,82.77
95,V282,966,11271.6,0.2,82.97
96,V280,424,11176.12,0.2,83.17
97,V133,612,11144.48,0.2,83.37
98,V12,743,11040.72,0.2,83.57
99,addr2,189,10897.4,0.2,83.76
100,V296,424,10644.66,0.19,83.95
101,id_03,627,10591.57,0.19,84.14
102,V199,80,10475.66,0.19,84.33
103,id_09,542,10415.48,0.19,84.52
104,V102,344,10412.98,0.19,84.7
105,V78,899,10352.38,0.19,84.89
106,id_14,1319,10332.43,0.18,85.07
107,V13,685,10266.97,0.18,85.26
108,D12,1051,10216.22,0.18,85.44
109,id_13,1441,10025.27,0.18,85.62
110,V67,563,9922.4,0.18,85.8
111,V75,830,9704.8,0.17,85.97
112,V49,355,9535.68,0.17,86.14
113,D6,1282,9442.78,0.17,86.31
114,V30,345,9332.32,0.17,86.48
115,V309,791,9249.15,0.17,86.64
116,V165,530,9206.17,0.16,86.81
117,V35,702,9134.23,0.16,86.97
118,V55,609,8872.65,0.16,87.13
119,D13,1110,8690.56,0.16,87.28
120,V99,542,8656.24,0.15,87.44
121,V223,102,8636.17,0.15,87.59
122,DeviceType,476,8594.27,0.15,87.75
123,V56,691,8521.85,0.15,87.9
124,id_18,834,8419.57,0.15,88.05
125,V128,574,8317.32,0.15,88.2
126,V36,691,8099.17,0.14,88.35
127,V323,156,7884.33,0.14,88.49
128,D9,1534,7837.09,0.14,88.63
129,V267,397,7579.15,0.14,88.76
130,V127,973,7477.45,0.13,88.9
131,V232,145,7472.38,0.13,89.03
132,V19,689,7449.67,0.13,89.16
133,id_32,233,7414.16,0.13,89.3
134,M3,584,7311.79,0.13,89.43
135,V311,859,7175.77,0.13,89.56
136,V262,320,7123.32,0.13,89.68
137,V86,583,6986.09,0.13,89.81
138,V136,639,6939.86,0.12,89.93
139,V291,789,6598.63,0.12,90.05
140,V77,662,6468.67,0.12,90.17
141,V96,566,6459.08,0.12,90.28
142,V152,266,6435.85,0.12,90.4
143,V261,345,6002.6,0.11,90.5
144,V289,464,5995.15,0.11,90.61
145,V324,49,5921.07,0.11,90.72
146,V139,468,5845.32,0.1,90.82
147,V154,88,5809.84,0.1,90.93
148,V129,754,5769.81,0.1,91.03
149,M9,494,5628.27,0.1,91.13
150,V134,288,5601.03,0.1,91.23
151,V207,376,5572.55,0.1,91.33
152,V266,519,5385.55,0.1,91.43
153,V143,241,5326.38,0.1,91.52
154,V34,210,5239.67,0.09,91.62
155,M2,357,5235.46,0.09,91.71
156,V306,609,5211.3,0.09,91.8
157,V279,223,5158.41,0.09,91.9
158,V326,108,5144.0,0.09,91.99
159,V298,251,5069.93,0.09,92.08
160,V217,176,4962.34,0.09,92.17
161,V24,487,4746.52,0.08,92.25
162,V190,82,4622.65,0.08,92.33
163,M8,601,4535.33,0.08,92.42
164,V74,370,4530.64,0.08,92.5
165,V259,400,4485.99,0.08,92.58
166,V5,581,4418.88,0.08,92.66
167,V209,318,4367.28,0.08,92.73
168,V66,426,4245.81,0.08,92.81
169,V275,182,4245.18,0.08,92.89
170,V268,286,4235.55,0.08,92.96
171,V212,275,4160.74,0.07,93.04
172,V33,223,4132.78,0.07,93.11
173,id_38,438,4089.91,0.07,93.18
174,V256,181,4081.63,0.07,93.26
175,V37,558,4061.39,0.07,93.33
176,V225,90,4011.66,0.07,93.4
177,C3,336,3912.74,0.07,93.47
178,V169,252,3912.61,0.07,93.54
179,M7,589,3850.97,0.07,93.61
180,V208,477,3787.47,0.07,93.68
181,V126,485,3738.41,0.07,93.75
182,V26,342,3696.39,0.07,93.81
183,V233,124,3693.04,0.07,93.88
184,V220,369,3657.38,0.07,93.94
185,V287,249,3631.89,0.07,94.01
186,V23,426,3625.37,0.06,94.07
187,V332,201,3607.28,0.06,94.14
188,V234,472,3489.7,0.06,94.2
189,V322,45,3461.45,0.06,94.26
190,V210,355,3412.6,0.06,94.32
191,V94,248,3405.8,0.06,94.38
192,V271,457,3386.13,0.06,94.44
193,V321,501,3328.11,0.06,94.5
194,V4,410,3314.61,0.06,94.56
195,V277,466,3284.05,0.06,94.62
196,V316,531,3267.17,0.06,94.68
197,V301,245,3225.68,0.06,94.74
198,V81,407,3214.7,0.06,94.8
199,id_08,601,3204.64,0.06,94.85
200,V288,365,3188.83,0.06,94.91
201,V274,328,3185.26,0.06,94.97
202,V200,160,3182.63,0.06,95.02
203,V164,271,3153.51,0.06,95.08
204,V178,136,3126.23,0.06,95.14
205,id_36,144,3125.84,0.06,95.19
206,V57,105,3095.81,0.06,95.25
207,V270,413,3078.83,0.06,95.3
208,V203,511,3072.37,0.05,95.36
209,V25,325,3057.65,0.05,95.41
210,D7,611,3026.25,0.05,95.47
211,V124,298,3017.98,0.05,95.52
212,V160,388,2982.39,0.05,95.57
213,V170,189,2975.93,0.05,95.63
214,V10,323,2961.53,0.05,95.68
215,V137,432,2942.66,0.05,95.73
216,V224,179,2879.86,0.05,95.79
217,V159,497,2835.29,0.05,95.84
218,V52,299,2818.38,0.05,95.89
219,V218,216,2811.48,0.05,95.94
220,V135,454,2805.29,0.05,95.99
221,V43,384,2783.33,0.05,96.04
222,V140,246,2746.32,0.05,96.09
223,V85,277,2680.85,0.05,96.13
224,V51,259,2673.15,0.05,96.18
225,id_34,258,2672.53,0.05,96.23
226,V292,315,2629.74,0.05,96.28
227,C10,433,2628.75,0.05,96.32
228,V171,229,2598.25,0.05,96.37
229,V293,230,2570.52,0.05,96.42
230,V333,96,2561.82,0.05,96.46
231,V335,262,2555.66,0.05,96.51
232,V64,255,2525.65,0.05,96.55
233,V272,352,2505.67,0.04,96.6
234,V47,261,2500.03,0.04,96.64
235,V206,415,2496.65,0.04,96.69
236,V300,332,2482.51,0.04,96.73
237,V73,223,2478.57,0.04,96.78
238,V221,477,2400.05,0.04,96.82
239,V319,462,2390.68,0.04,96.86
240,V105,188,2371.24,0.04,96.9
241,V158,240,2371.06,0.04,96.95
242,V245,300,2361.28,0.04,96.99
243,V79,214,2358.23,0.04,97.03
244,V39,331,2297.36,0.04,97.07
245,V197,136,2264.6,0.04,97.11
246,V188,208,2261.6,0.04,97.15
247,V264,437,2255.27,0.04,97.19
248,V219,119,2180.06,0.04,97.23
249,V273,223,2171.66,0.04,97.27
250,V3,251,2155.38,0.04,97.31
251,V115,198,2153.36,0.04,97.35
252,V150,344,2054.15,0.04,97.39
253,V290,223,2047.73,0.04,97.42
254,V198,43,2034.13,0.04,97.46
255,V11,207,2021.78,0.04,97.5
256,V59,164,2013.25,0.04,97.53
257,V7,277,2002.48,0.04,97.57
258,V222,317,1981.58,0.04,97.6
259,V162,125,1940.97,0.03,97.64
260,V132,392,1939.48,0.03,97.67
261,V40,340,1933.29,0.03,97.71
262,V6,303,1932.1,0.03,97.74
263,V227,130,1918.46,0.03,97.78
264,V95,220,1891.71,0.03,97.81
265,id_15,195,1867.65,0.03,97.84
266,V278,285,1817.37,0.03,97.88
267,V215,276,1809.33,0.03,97.91
268,V109,208,1799.88,0.03,97.94
269,V2,248,1794.95,0.03,97.97
270,V138,73,1770.43,0.03,98.0
271,V303,204,1729.88,0.03,98.03
272,V145,228,1724.71,0.03,98.07
273,V60,131,1718.04,0.03,98.1
274,V216,251,1700.71,0.03,98.13
275,V58,108,1658.1,0.03,98.16
276,V254,95,1639.75,0.03,98.19
277,V276,279,1563.45,0.03,98.21
278,V100,188,1555.48,0.03,98.24
279,V204,268,1546.05,0.03,98.27
280,V249,107,1541.41,0.03,98.3
281,id_37,232,1539.55,0.03,98.32
282,V63,127,1529.78,0.03,98.35
283,V251,174,1527.8,0.03,98.38
284,V123,112,1517.69,0.03,98.41
285,V205,156,1503.13,0.03,98.43
286,V15,75,1485.48,0.03,98.46
287,V155,32,1446.69,0.03,98.49
288,V97,166,1440.25,0.03,98.51
289,V286,117,1438.51,0.03,98.54
290,V265,320,1417.45,0.03,98.56
291,V239,120,1400.17,0.03,98.59
292,V192,60,1393.45,0.02,98.61
293,V42,240,1382.98,0.02,98.64
294,V202,265,1347.89,0.02,98.66
295,V166,308,1344.66,0.02,98.69
296,V248,133,1343.93,0.02,98.71
297,V167,78,1323.02,0.02,98.73
298,V229,186,1322.82,0.02,98.76
299,V338,111,1277.44,0.02,98.78
300,V8,124,1231.92,0.02,98.8
301,V172,43,1227.96,0.02,98.82
302,V93,128,1214.46,0.02,98.85
303,V336,170,1191.3,0.02,98.87
304,V263,268,1182.56,0.02,98.89
305,V284,153,1154.03,0.02,98.91
306,V151,185,1138.19,0.02,98.93
307,V147,108,1116.77,0.02,98.95
308,V327,21,1108.33,0.02,98.97
309,V329,64,1085.11,0.02,98.99
310,V163,100,1068.05,0.02,99.01
311,V80,216,1036.95,0.02,99.03
312,V231,70,1030.57,0.02,99.04
313,V331,70,1021.51,0.02,99.06
314,id_35,29,1002.54,0.02,99.08
315,V176,202,992.42,0.02,99.1
316,V71,58,983.46,0.02,99.12
317,V148,70,982.5,0.02,99.13
318,id_04,135,964.48,0.02,99.15
319,V92,106,960.87,0.02,99.17
320,V121,37,960.73,0.02,99.19
321,V175,76,944.15,0.02,99.2
322,V260,190,928.76,0.02,99.22
323,V98,85,917.42,0.02,99.24
324,V72,67,915.31,0.02,99.25
325,V50,142,909.02,0.02,99.27
326,V161,101,908.34,0.02,99.28
327,V213,179,905.15,0.02,99.3
328,id_10,108,886.22,0.02,99.32
329,V184,130,883.24,0.02,99.33
330,V46,127,876.95,0.02,99.35
331,V103,91,850.31,0.02,99.36
332,V157,88,848.42,0.02,99.38
333,M1,83,848.13,0.02,99.39
334,V253,102,847.56,0.02,99.41
335,V299,68,832.96,0.01,99.42
336,V214,193,825.09,0.01,99.44
337,V146,96,823.85,0.01,99.45
338,V247,111,797.89,0.01,99.47
339,V9,110,793.92,0.01,99.48
340,V211,235,792.57,0.01,99.5
341,V112,71,783.99,0.01,99.51
342,V142,61,741.33,0.01,99.52
343,V125,114,726.01,0.01,99.54
344,V106,129,721.87,0.01,99.55
345,V168,108,670.52,0.01,99.56
346,V330,53,662.83,0.01,99.57
347,V238,121,659.43,0.01,99.58
348,V84,96,654.91,0.01,99.6
349,V101,183,654.84,0.01,99.61
350,V339,59,645.66,0.01,99.62
351,V304,92,634.1,0.01,99.63
352,V111,73,632.89,0.01,99.64
353,V173,51,625.56,0.01,99.65
354,V244,106,620.62,0.01,99.66
355,V334,145,588.98,0.01,99.68
356,V180,78,583.2,0.01,99.69
357,id_16,95,578.53,0.01,99.7
358,V236,91,556.64,0.01,99.71
359,V228,109,548.97,0.01,99.72
360,V230,106,542.52,0.01,99.73
361,V17,54,533.69,0.01,99.74
362,V250,88,533.09,0.01,99.74
363,V144,86,530.18,0.01,99.75
364,V141,41,528.82,0.01,99.76
365,V174,51,528.26,0.01,99.77
366,V194,61,503.91,0.01,99.78
367,V182,53,470.69,0.01,99.79
368,V191,39,459.64,0.01,99.8
369,V252,24,445.55,0.01,99.81
370,V18,44,435.43,0.01,99.81
371,V183,68,428.03,0.01,99.82
372,V186,92,399.2,0.01,99.83
373,V337,51,396.37,0.01,99.84
374,V226,50,383.46,0.01,99.84
375,V32,44,370.46,0.01,99.85
376,V22,52,364.1,0.01,99.86
377,V116,66,353.09,0.01,99.86
378,V325,7,349.38,0.01,99.87
379,id_28,54,345.43,0.01,99.88
380,V108,78,342.3,0.01,99.88
381,V1,44,338.2,0.01,99.89
382,V179,45,325.99,0.01,99.89
383,V16,33,324.38,0.01,99.9
384,V255,74,318.95,0.01,99.9
385,V302,51,306.68,0.01,99.91
386,V237,56,302.91,0.01,99.92
387,V195,63,283.15,0.01,99.92
388,V196,15,270.62,0.0,99.93
389,V297,81,262.62,0.0,99.93
390,V110,37,257.41,0.0,99.93
391,V114,39,239.71,0.0,99.94
392,V185,43,233.65,0.0,99.94
393,id_12,34,232.25,0.0,99.95
394,V153,39,227.28,0.0,99.95
395,V104,51,227.27,0.0,99.96
396,V328,19,224.95,0.0,99.96
397,V21,36,193.53,0.0,99.96
398,V240,53,184.56,0.0,99.97
399,V193,38,181.27,0.0,99.97
400,V113,38,176.1,0.0,99.97
401,V118,64,172.23,0.0,99.98
402,V65,4,169.42,0.0,99.98
403,V269,54,157.18,0.0,99.98
404,V235,31,153.07,0.0,99.98
405,V31,23,145.52,0.0,99.99
406,id_29,22,123.75,0.0,99.99
407,V14,19,117.89,0.0,99.99
408,V181,27,115.02,0.0,99.99
409,V177,26,109.44,0.0,100.0
410,V41,11,85.57,0.0,100.0
411,V120,29,77.38,0.0,100.0
412,V122,8,50.24,0.0,100.0
413,V88,5,29.26,0.0,100.0
414,V107,2,8.64,0.0,100.0
415,V241,2,5.03,0.0,100.0
416,V68,1,4.27,0.0,100.0
417,V119,1,0.91,0.0,100.0
418,id_20,0,0.0,0.0,100.0
419,id_11,0,0.0,0.0,100.0
420,V117,0,0.0,0.0,100.0
421,V89,0,0.0,0.0,100.0
422,V305,0,0.0,0.0,100.0
423,V27,0,0.0,0.0,100.0
424,V28,0,0.0,0.0,100.0
